rt_source,rt_target_predicted,ci_lower,ci_upper
0.83,0.5365678267606878,0.1250062275174274,0.9481294260039482
0.8483183183183183,0.567205275725262,0.1562117755759253,0.9781987758745987
0.8666366366366366,0.5980225332105289,0.18754740286323035,1.0084976635578276
0.8849549549549549,0.6291994077371811,0.21919268331568187,1.0392061321586803
0.9032732732732732,0.6609157078259112,0.25132722651971423,1.0705041891321083
0.9215915915915915,0.6933512419974122,0.2841307057042928,1.1025717782905315
0.9399099099099099,0.726685818772376,0.31778286619574625,1.1355887713490058
0.9582282282282282,0.7610976444215718,0.35246193840116125,1.1697333504419825
0.9765465465465465,0.796600448434192,0.38818177766787454,1.2050191192005095
0.9948648648648648,0.8329032250828148,0.42465161585352407,1.2411548343121055
1.0131831831831832,0.8696819248376556,0.4615477566190469,1.2778160930562643
1.0315015015015014,0.9066124981689303,0.4985466230658795,1.3146783732719811
1.0498198198198199,0.9433708955468555,0.5353247585182139,1.351417032575497
1.068138138138138,0.9796330674416452,0.5715588241073799,1.3877073107759106
1.0864564564564565,1.015083560939701,0.6069341905785796,1.4232329313008227
1.1047747747747747,1.0495760075519196,0.6413054197474979,1.4578465953563413
1.1230930930930931,1.0831185953083697,0.674681724677224,1.4915554659395154
1.1414114114114113,1.11572519592093,0.7070780879738315,1.5243723038680286
1.1597297297297298,1.1474096811014816,0.7385095781966045,1.5563097840063587
1.178048048048048,1.1781859225619042,0.7689913464604385,1.58738049866337
1.1963663663663664,1.2080677920140785,0.7985386221491276,1.6175969618790296
1.2146846846846846,1.237069161169884,0.8271667084123486,1.6469716139274195
1.233003003003003,1.2652039017412011,0.8548909774656157,1.6755168260167865
1.2513213213213212,1.292485885439911,0.8817268657124708,1.7032449051673513
1.2696396396396397,1.318928983977892,0.9076898687079794,1.7301680992478046
1.2879579579579579,1.344547069067026,0.9327955359821467,1.7562986021519054
1.3062762762762763,1.3693540124191919,0.9570594657412668,1.781648559097117
1.3245945945945947,1.393363685746271,0.980497299464441,1.806230072028101
1.342912912912913,1.4165899607601429,1.003124716411432,1.8300552051088537
1.3612312312312311,1.4390467091726877,1.0249574280570894,1.853135990288286
1.3795495495495496,1.460747802695786,1.0460111724661263,1.8754844329254459
1.397867867867868,1.4817071130413182,1.066301706609716,1.8971125194729204
1.4161861861861862,1.5019385119211628,1.08584473417184,1.9180322896704856
1.4345045045045044,1.5214558710472017,1.1046558754817923,1.938255866612611
1.4528228228228228,1.5402730621313154,1.122750732886313,1.9577953913763178
1.4711411411411413,1.558403956885382,1.1401448919728017,1.9766630217979624
1.4894594594594595,1.5758624270212838,1.1568539183012265,1.994870935741341
1.5077777777777777,1.592662344250899,1.1728933541978002,2.0124313343039977
1.526096096096096,1.6088175802861107,1.1882787156086931,2.029356444963528
1.5444144144144145,1.6243420068387964,1.2030254890115148,2.045658524666078
1.5627327327327327,1.6392494956208374,1.2171491283815998,2.061349862860075
1.581051051051051,1.653553918344113,1.23066505220156,2.076442784486666
1.5993693693693694,1.6672691467205054,1.2435885901667723,2.0909497032742386
1.6176876876876878,1.6804090524618935,1.2559348564681383,2.104883248455649
1.636006006006006,1.6929875072801568,1.2677188754671787,2.118256139093135
1.6543243243243242,1.705018382887176,1.2789556168086083,2.1310811489657437
1.6726426426426426,1.7165155509948316,1.289659995842934,2.1433711061467293
1.690960960960961,1.7274928833150036,1.2998468740623805,2.155138892567627
1.7092792792792793,1.7379642515595721,1.3095310595454277,2.1663974435737163
1.7275975975975977,1.7479435274404176,1.3187273074054444,2.1771597474753905
1.745915915915916,1.757444582669421,1.3274503202395112,2.1874388450993307
1.7642342342342343,1.7664812889584605,1.3357147485736012,2.1972478293433197
1.7825525525525525,1.7750675180194175,1.3435351913008158,2.2065998447380193
1.800870870870871,1.7832171415641722,1.3509261961095782,2.2155080870187662
1.8191891891891894,1.7909440313046043,1.357902259898995,2.2239858027102137
1.8375075075075076,1.798262058952595,1.3644778291789605,2.2320462887262296
1.8558258258258258,1.805185096220023,1.3706673004526848,2.2397028919873616
1.874144144144144,1.8117270148187694,1.376485020579825,2.2469690090577137
1.8924624624624626,1.8179016864607145,1.3819452871183369,2.253858085803092
1.9107807807807808,1.8237229828577393,1.3870623486437128,2.2603836170717657
1.929099099099099,1.8292047757217218,1.3918504050442242,2.2665591463992194
1.9474174174174173,1.8343609367645435,1.3963236077912016,2.2723982657378854
1.965735735735736,1.8392053376980848,1.4004960601834024,2.277914615212767
1.984054054054054,1.843751850234225,1.4043818175649205,2.2831218829035294
2.0023723723723723,1.8480143460848453,1.407994887515998,2.2880338046536925
2.020690690690691,1.8520066969618258,1.411349230016581,2.292664163907071
2.039009009009009,1.8557427745770452,1.4144587575823717,2.2970267915717186
2.0573273273273274,1.8592364506423857,1.4173373353734817,2.3011355659112898
2.0756456456456456,1.862501596869726,1.41999878000103,2.305004413738422
2.0939639639639642,1.865552084970947,1.4224567698512265,2.3086474000906674
2.1122822822822824,1.8684017866579288,1.4247247931337566,2.3120787801821012
2.1306006006006006,1.871064573642551,1.426816293624813,2.315312853660289
2.148918918918919,1.8735543176366949,1.4287446877627252,2.3183639475106643
2.1672372372372375,1.8758848903522403,1.430523367059108,2.3212464136453725
2.1855555555555557,1.8780701635010675,1.432165700436105,2.32397462656603
2.203873873873874,1.8801240087950553,1.4336850364923406,2.3265629810977697
2.222192192192192,1.8820602979460856,1.4350947057000008,2.3290258901921708
2.2405105105105108,1.8838929026660376,1.4364080225352984,2.3313777827967765
2.258828828828829,1.885635694666792,1.4376382840208173,2.333633105312767
2.277147147147147,1.887302545660229,1.438798689183348,2.33580640213711
2.2954654654654654,1.8889073273582284,1.4399023471396917,2.337912307576765
2.313783783783784,1.8904639114726711,1.4409623729148617,2.3399654500304803
2.3321021021021022,1.8919861697154357,1.441991895234063,2.341980444196808
2.3504204204204204,1.8934879737984045,1.4430040597038452,2.343971887892964
2.3687387387387386,1.8949831954334564,1.444012031851817,2.3459543590150957
2.3870570570570573,1.8964857063324718,1.4450290000255377,2.347942412639406
2.4053753753753755,1.898008712908136,1.446067512851588,2.349949912964684
2.4236936936936937,1.8995574208025994,1.4471321463820002,2.3519826952231986
2.442012012012012,1.9011317443586147,1.4482222160424492,2.35404127267478
2.4603303303303306,1.9027315037250443,1.4493369760738863,2.3561260313762022
2.4786486486486488,1.9043565190507492,1.450475715921177,2.3582373221803214
2.496966966966967,1.9060066104845916,1.4516377622860257,2.3603754586831576
2.515285285285285,1.9076815981754331,1.4528224810375578,2.3625407153133087
2.533603603603604,1.9093813022721358,1.4540292789800473,2.364733325564224
2.551921921921922,1.9111055429235597,1.4552576054773045,2.3669534803698147
2.5702402402402402,1.9128541402785684,1.4565069539333146,2.369201326623822
2.588558558558559,1.9146269144860235,1.4577768631287857,2.3714769658432613
2.606876876876877,1.9164236856947856,1.4590669184133789,2.373780452976192
2.6251951951951953,1.9182442740537171,1.4603767527535878,2.376111795353846
2.6435135135135135,1.9200884997116792,1.4617060476363157,2.3784709517870426
2.661831831831832,1.9219561828175347,1.4630545338284446,2.3808578318066247
2.6801501501501503,1.9238471435201436,1.4644219919928267,2.3832722950474605
2.6984684684684686,1.9257612019683699,1.4658082300720423,2.3857141738646974
2.7167867867867868,1.9276981783110738,1.4672130134347765,2.388183343187371
2.7351051051051054,1.9296578926971162,1.468636127904571,2.3906796574896614
2.7534234234234236,1.9316401652753608,1.4700774013591251,2.393202929191596
2.771741741741742,1.9336448161946684,1.4715367040190925,2.3957529283702446
2.79006006006006,1.9356716656039004,1.4730139486324805,2.3983293825753202
2.8083783783783787,1.937720533651919,1.4745090905555895,2.4009319767482484
2.826696696696697,1.9397912404875854,1.4760221277316572,2.4035603532435137
2.845015015015015,1.9418836062597615,1.4775531005684537,2.406214111951069
2.8633333333333337,1.9439974511173095,1.4791020917163078,2.408892810518311
2.881651651651652,1.946132595209091,1.4806692257480982,2.411595964670084
2.89996996996997,1.9482888586839668,1.482254668742938,2.4143230486249956
2.9182882882882883,1.9504660616907996,1.483858627775373,2.4170734956062265
2.936606606606607,1.9526640243784514,1.4854813503120474,2.4198466984448554
2.954924924924925,1.9548825668957817,1.4871231235178395,2.422642010273724
2.9732432432432434,1.9571215093916543,1.4887842734736365,2.425458745309672
2.9915615615615616,1.9593806720149312,1.490465164307886,2.4282961797219764
3.0098798798798803,1.961659874914473,1.4921661972442004,2.431153552584745
3.0281981981981985,1.963958938239142,1.4938878095672747,2.434030066911009
3.0465165165165167,1.966277682137799,1.4956304735094001,2.436924890766198
3.064834834834835,1.968615926759307,1.4973946950598696,2.4398371584587446
3.0831531531531535,1.9709734922525264,1.4991810126995202,2.4427659718055326
3.1014714714714717,1.9733501987663202,1.5009899960626532,2.445710401469987
3.11978978978979,1.9757458664495493,1.502822244528509,2.4486694883705895
3.138108108108108,1.978160315451074,1.504678385744283,2.451642245157865
3.156426426426427,1.9805933659197603,1.506559074081852,2.4546276577576687
3.174744744744745,1.983044838004466,1.5084649436829005,2.457624732326032
3.193063063063063,1.9855145518540545,1.5103963127627484,2.4606327909453602
3.211381381381382,1.9880023276173857,1.5123533430432514,2.4636513121915202
3.2296996996997,1.9905079854433239,1.5143361798230903,2.4666797910635574
3.2480180180180183,1.993031345480729,1.5163449531098268,2.469717737851631
3.2663363363363365,1.9955722278784636,1.5183797781065538,2.4727646776503733
3.284654654654655,1.9981304527853887,1.5204407556865198,2.4758201498842576
3.3029729729729733,2.000705840350367,1.5225279728555794,2.4788837078451547
3.3212912912912915,2.0032982107222583,1.5246415032024931,2.4819549182420237
3.3396096096096097,2.0059073840499275,1.5267814073370813,2.4850333607627735
3.3579279279279284,2.008533180482233,1.5289477333162098,2.488118627648256
3.3762462462462466,2.011175420168039,1.5311405170576922,2.491210323278386
3.394564564564565,2.013833923256205,1.5333597827421246,2.494308063770285
3.412882882882883,2.0165085098955946,1.5356055432027205,2.4974114765884687
3.4312012012012016,2.019199000235068,1.5378778003032751,2.5005202001668607
3.44951951951952,2.0219052144234895,1.5401765453042908,2.503633883542688
3.467837837837838,2.024626972609717,1.5425017592173513,2.5067521860020823
3.4861561561561563,2.0273640949426155,1.5448534131479414,2.5098747767372895
3.504474474474475,2.0301164015710444,1.5472314686267201,2.513001334515369
3.522792792792793,2.0328837126438675,1.5496358779294224,2.5161315473583126
3.5411111111111113,2.035665848309944,1.552066584385507,2.5192651122343808
3.5594294294294295,2.0384626287181384,1.5545235226756533,2.522401734760624
3.577747747747748,2.0412738740173113,1.557006619118261,2.5255411289163616
3.5960660660660664,2.044099404356323,1.5595157919450489,2.5286830167675975
3.6143843843843846,2.046939039884037,1.562050951565939,2.531827128202135
3.632702702702703,2.049792600749313,1.564612000823264,2.534973200675362
3.6510210210210214,2.0526599071010163,1.5671988352355315,2.538120978966501
3.6693393393393396,2.055540779088006,1.5698113432307765,2.541270214945235
3.687657657657658,2.0584350368591426,1.5724494063697,2.544420667348585
3.705975975975976,2.061342500563291,1.5751128995587007,2.5475721015678814
3.7242942942942947,2.06426299034931,1.5778016912528454,2.5507242894457747
3.742612612612613,2.0671963263660644,1.5805156436490377,2.553877009083091
3.760930930930931,2.070142328762413,1.5832546128693639,2.557030044655462
3.7792492492492498,2.0731008176872185,1.5860184491348304,2.5601831862396067
3.797567567567568,2.0760716132893435,1.5888069969294878,2.5633362296491993
3.815885885885886,2.079054535717648,1.5916200951551829,2.5664889762801133
3.8342042042042044,2.0820494051209955,1.594457577276917,2.5696412329650737
3.852522522522523,2.085056041648247,1.5973192714589706,2.572792811837523
3.8708408408408412,2.088074265448264,1.6002050006918789,2.575943530204649
3.8891591591591594,2.091103896669908,1.6031145829102895,2.5790932104295266
3.9074774774774776,2.0941447554620414,1.6060478311018804,2.5822416798222023
3.9257957957957963,2.0971966619735265,1.6090045534073338,2.585388770539719
3.9441141141141145,2.100259436353222,1.6119845532114327,2.588534319495011
3.9624324324324327,2.103332898749994,1.614987629225456,2.591678168274532
3.980750750750751,2.1064168693126994,1.618013575560773,2.594820163064626
3.9990690690690696,2.1095111681902052,1.6210621817938309,2.5979601545865796
4.017387387387387,2.112615615531369,1.6241332330224891,2.601097998040249
4.0357057057057055,2.1157300314850525,1.627226509913834,2.604233553056271
4.054024024024024,2.1188542362001206,1.6303417887434433,2.6073666836567977
4.072342342342343,2.1219880498254318,1.6334788414261805,2.610497258224683
4.090660660660661,2.125131292509851,1.6366374355385171,2.613625149481185
4.108978978978979,2.128283784402237,1.6398173343324702,2.616750234472004
4.127297297297297,2.131445345651453,1.643018296741098,2.619872394561808
4.145615615615616,2.134615796406359,1.6462400773756372,2.6229915154370804
4.163933933933934,2.137794956815819,1.6494824265142738,2.6261074871173644
4.182252252252252,2.1409826470286935,1.6527450900825524,2.6292202039748345
4.20057057057057,2.144178687193845,1.6560278096254075,2.6323295647622826
4.218888888888889,2.1473828974601346,1.6593303222709073,2.635435472649362
4.237207207207208,2.150595097976423,1.6626523606855768,2.638537835267269
4.255525525525526,2.153815108891573,1.6659936530213924,2.6416365647617535
4.273843843843844,2.1570427503544476,1.6693539228544187,2.6447315778544764
4.292162162162162,2.160277842513907,1.67273288911505,2.647822795912764
4.31048048048048,2.1635202055188114,1.6761302660098303,2.6509101450277925
4.328798798798799,2.1667696595180255,1.6795457629349024,2.6539935561011485
4.347117117117118,2.1700260246604097,1.6829790843809607,2.657072964939859
4.365435435435436,2.1732891210948266,1.6864299298297787,2.6601483123598744
4.383753753753754,2.176558768970135,1.6898979936422251,2.663219544298045
4.402072072072072,2.1798347884351994,1.6933829649377363,2.6662866119326623
4.4203903903903905,2.1831169996388815,1.6968845274652657,2.669349471812497
4.438708708708709,2.1864052227300412,1.7004023594656137,2.6724080859944688
4.457027027027027,2.189699277857543,1.7039361335251544,2.6754624221899315
4.475345345345345,2.1929989851702447,1.7074855164208553,2.6785124539196343
4.493663663663664,2.1963041648170125,1.7110501689566748,2.6815581606773504
4.511981981981982,2.199614636946704,1.7146297457911561,2.6845995281022517
4.530300300300301,2.2029302217081828,1.718223895256283,2.6876365481600826
4.548618618618619,2.206250739250311,1.7218322591675497,2.6906692193330723
4.566936936936937,2.209576009721951,1.7254544726251493,2.6936975468187527
4.585255255255255,2.212905853271963,1.729090163806334,2.696721542737592
4.603573573573573,2.216240090049207,1.7327389537488664,2.699741226349548
4.621891891891892,2.21957854020255,1.7364004561255488,2.702756624279551
4.640210210210211,2.2229210238808474,1.740074277009807,2.705767770751888
4.658528528528529,2.2262673612329653,1.7437600146323358,2.708774707833595
4.676846846846847,2.2296173724077644,1.7474572591287427,2.711777485686786
4.695165165165165,2.2329708775541044,1.7511655922782445,2.7147761628299643
4.713483483483484,2.236327696820852,1.754884587233406,2.7177708064082977
4.731801801801802,2.239687650356864,1.7586138082408609,2.720761492472867
4.75012012012012,2.243050558311003,1.7623528103531592,2.723748306268847
4.768438438438438,2.2464162408321324,1.766101139131681,2.726731342532584
4.786756756756757,2.249784518069112,1.769858330340672,2.7297107057975523
4.8050750750750755,2.2531552101708066,1.773623909632474,2.732686510709139
4.823393393393394,2.2565281372860735,1.7773973922240476,2.7356588823480994
4.841711711711712,2.259903119563778,1.7811782825647904,2.7386279565627656
4.86003003003003,2.26327997715278,1.78496607399582,2.7415938803097397
4.878348348348348,2.266658530201942,1.788760248400842,2.744556812003042
4.896666666666667,2.2700385988601255,1.7925602758486925,2.7475169218715587
4.914984984984986,2.273420003276191,1.796365614227781,2.750474392324601
4.933303303303304,2.276802563599003,1.800175708872565,2.753429418325441
4.951621621621622,2.2801860999774206,1.8039899921823004,2.756382207772541
4.96993993993994,2.283570432560307,1.8078078832323186,2.7593329818882952
4.988258258258258,2.286955381496523,1.8116287873780559,2.7622819756149903
5.006576576576577,2.2903407669349307,1.8154520958521598,2.7652294380177014
5.024894894894896,2.2937264090243925,1.8192771853550465,2.7681756326937386
5.043213213213214,2.297112127913769,1.823103417639198,2.7711208381883403
5.061531531531532,2.3004977437519227,1.8269301390877004,2.774065348416145
5.07984984984985,2.3038830766877143,1.8307566802874,2.777009473088029
5.0981681681681685,2.3072679468700064,1.8345823555972243,2.7799535381427884
5.116486486486487,2.3106521744476614,1.8384064627121879,2.7828978861831346
5.134804804804805,2.314035579569538,1.8422282822236833,2.7858428769153933
5.153123123123123,2.317417982384502,1.8460470771767048,2.788788887592299
5.171441441441442,2.320799203041413,1.8498620926246758,2.7917363134581503
5.1897597597597604,2.3241790616891325,1.8536725551826803,2.7946855681955847
5.208078078078079,2.3275573784765213,1.8574775902823295,2.797637166670713
5.226396396396397,2.330933973552443,1.8612759769203862,2.8005919701845
5.244714714714715,2.3343086670657596,1.8650664292470123,2.803550904884507
5.263033033033033,2.337681279165331,1.8688476917618084,2.806514866568854
5.2813513513513515,2.3410516300000195,1.872618541501097,2.809484718498942
5.29966966966967,2.3444195397186878,1.8763777901600485,2.812461289277327
5.317987987987989,2.347784828470197,1.8801242861461622,2.815445370794232
5.336306306306307,2.351147316403409,1.88385691656012,2.818437716246698
5.354624624624625,2.354506823667185,1.8875746091000687,2.821439038234301
5.372942942942943,2.3578631704103854,1.8912763338851637,2.8244500069356073
5.391261261261262,2.361216176781875,1.8949611051942352,2.827471248369515
5.40957957957958,2.364565662930513,1.89862798311536,2.830503342745666
5.427897897897898,2.3679114490051636,1.902276075102226,2.833546822908101
5.446216216216216,2.3712533551546864,1.9059045374331285,2.836602172876244
5.464534534534535,2.3745912015279433,1.909512576568628,2.839669826487259
5.4828528528528535,2.377924808273795,1.9130994504039822,2.8427501661436083
5.501171171171172,2.381253995541108,1.9166644694126456,2.84584352166957
5.51948948948949,2.384578583478738,1.9202069976773206,2.8489501692801555
5.537807807807808,2.38789839223555,1.9237264538053285,2.8520703306657715
5.556126126126126,2.391213241960405,1.927222311725255,2.8552041721955552
5.5744444444444445,2.394522952802165,1.9306941013622232,2.8583518042421066
5.592762762762764,2.3978273449096914,1.9341414091893425,2.8615132806300405
5.611081081081082,2.401126238431846,1.9375638786533669,2.864688598210325
5.6293993993994,2.4044194535174896,1.9409612104728424,2.867877696562137
5.647717717717718,2.407706810315486,1.944333162807458,2.871080457823514
5.6660360360360364,2.4109881289746946,1.9476795512976979,2.8742967066516916
5.684354354354355,2.41426322964398,1.9510002489742957,2.877526210313664
5.702672672672673,2.4175319324722007,1.9542951860373556,2.880768678907046
5.720990990990991,2.4207940576082203,1.957564349505482,2.8840237657109586
5.73930930930931,2.4240494252009004,1.9608077827355515,2.8872910676662493
5.757627627627628,2.4272978553991016,1.9640255848142578,2.8905701259839454
5.775945945945947,2.4305391683516877,1.967217909822865,2.8938604268805106
5.794264264264265,2.433773184207517,1.9703849659769554,2.897161402438079
5.812582582582583,2.4369997231154548,1.9735270146055295,2.90047243162538
5.830900900900901,2.440218605224361,1.9766443489816128,2.9037928614671094
5.849219219219219,2.4434296506830973,1.9797372589896796,2.907122042376515
5.867537537537538,2.4466326796405258,1.9828060727986645,2.910459286482387
5.885855855855857,2.449827512245508,1.985851164246815,2.9138038602442013
5.904174174174175,2.4530139686469066,1.9888729516482229,2.91715498564559
5.922492492492493,2.4561918689935816,1.9918718965041151,2.920511841483048
5.940810810810811,2.459361033434396,1.9948485021219762,2.923873564746816
5.9591291291291295,2.462521282118211,1.9978033121456933,2.927239252090729
5.977447447447448,2.465672435193888,2.0007369089999805,2.930607961387796
5.995765765765766,2.46881431281029,2.003649911531294,2.9339787140892866
6.014084084084084,2.4719467351162776,2.006542922586885,2.93735054764567
6.032402402402403,2.4750695222607124,2.0094164858139316,2.940722558707493
6.050720720720721,2.4781824943924566,2.0122711519035916,2.9440938368813216
6.06903903903904,2.4812854716603714,2.01510748484885,2.947463458471893
6.087357357357358,2.484378274213319,2.017926060991708,2.9508304874349305
6.105675675675676,2.4874607222001606,2.020727468049339,2.9541939763509824
6.123993993993994,2.49053263576976,2.023512304120325,2.9575529674191947
6.1423123123123125,2.4935938350709757,2.026281176672019,2.9609064934699325
6.1606306306306315,2.4966441402526707,2.02903470150993,2.9642535789954114
6.17894894894895,2.499683380173728,2.031773510440085,2.967593249907371
6.197267267267268,2.502711544368,2.0344984021699526,2.9709246865660477
6.215585585585586,2.5057287636851777,2.0372103218696767,2.974247205500679
6.233903903903904,2.5087351737931334,2.0399102016128983,2.9775601459733685
6.252222222222223,2.5117309103597356,2.0425987844449103,2.980863036274561
6.270540540540541,2.5147161090528574,2.0452766988274766,2.984155519278238
6.288858858858859,2.517690905540368,2.0479445473099904,2.9874372637707456
6.307177177177178,2.5206554354901387,2.05060290799517,2.990707962985107
6.325495495495496,2.52360983457004,2.0532523353106154,2.993967333829465
6.3438138138138145,2.526554238447943,2.0558933607716323,2.997215116124254
6.362132132132133,2.5294887827917174,2.058526493734606,3.0004510718488286
6.380450450450451,2.532413603269235,2.0611522221403917,3.0036749843980783
6.398768768768769,2.535328835548365,2.0637710132472105,3.0068866578495195
6.417087087087087,2.5382346152969806,2.066383314352601,3.0100859162413602
6.4354054054054055,2.5411310781829504,2.0689895535040783,3.0132726028618224
6.453723723723725,2.544018359874146,2.071590140198175,3.016446579550117
6.472042042042043,2.546896596038437,2.0741854660675845,3.0196077260092897
6.490360360360361,2.5497659223436955,2.0767759055562296,3.0227559391311614
6.508678678678679,2.552626474457792,2.0793618165820424,3.025891132333541
6.526996996996997,2.555478388048596,2.0819435411873495,3.029013234909842
6.545315315315316,2.558321798783979,2.0845214061767723,3.0321221913911853
6.563633633633634,2.5611568423318123,2.0870957237425363,3.0352179609210883
6.581951951951952,2.563983654359966,2.089666792077217,3.0383005166427153
6.600270270270271,2.566802370536311,2.0922348959738497,3.0413698450987723
6.618588588588589,2.5696131265287168,2.094800307413474,3.0444259456439595
6.6369069069069075,2.5724160580050563,2.0973632861400957,3.047468829870017
6.655225225225226,2.575211300633199,2.099924080223167,3.0504985210432314
6.673543543543544,2.5779989900810154,2.1024829266075975,3.0535150535544333
6.691861861861862,2.5807792620163763,2.105040051651448,3.056518472381305
6.71018018018018,2.583552252107152,2.107595671651321,3.059508832562983
6.7284984984984995,2.5863180960212144,2.1101499933556367,3.062486198686792
6.746816816816818,2.589076929426433,2.112703214465803,3.065450644387063
6.765135135135136,2.5918288879906806,2.115255524125511,3.0684022518558502
6.783453453453454,2.5945741073818245,2.117807103398183,3.071341111365466
6.801771771771772,2.597312723267738,2.120358125732764,3.0742673208027123
6.8200900900900905,2.6000448713162907,2.1229087574179473,3.077180985214634
6.838408408408409,2.6027706871953535,2.1254591580250035,3.0800822163657036
6.856726726726727,2.6054903065727975,2.1280094808392973,3.0829711323062976
6.875045045045046,2.608203865116493,2.1305598732806823,3.085847856952304
6.893363363363364,2.610911498494312,2.133110477312873,3.0887125196757506
6.911681681681682,2.613613342374122,2.1356614298419165,3.0915652549063273
6.930000000000001,2.6163095324237973,2.1382128631039463,3.0944062017436482
6.948318318318319,2.6190002043112064,2.140764905042265,3.0972355035801478
6.966636636636637,2.62168549370422,2.143317679673985,3.100053307734455
6.984954954954955,2.624365536270711,2.1458713074462463,3.1028597650951757
7.003273273273273,2.627040467678548,2.148425905582207,3.105655029774889
7.0215915915915925,2.629710423595601,2.1509815884168813,3.108439258774321
7.039909909909911,2.6323755396897432,2.1535384677229734,3.111212611656513
7.058228228228229,2.635035951628843,2.15609665302676,3.113975250230926
7.076546546546547,2.637691795080773,2.1586562519141914,3.1167273382473546
7.094864864864865,2.6403432057134033,2.161217370327261,3.1194690410995456
7.1131831831831835,2.642990319194604,2.163780112850765,3.1222005255384424
7.131501501501502,2.6456332711922452,2.1663445829895465,3.124921959394944
7.14981981981982,2.6482721973741987,2.168910883436278,3.1276335113121196
7.168138138138139,2.6509072334083355,2.1714791163299147,3.130335350486756
7.186456456456457,2.653538514962526,2.174049383504862,3.13302764642019
7.2047747747747755,2.6561661777046415,2.1766217867309345,3.1357105686783484
7.223093093093094,2.65879035730255,2.1791964279441993,3.1383842866609006
7.241411411411412,2.661411189424125,2.1817734094687475,3.1410489693795025
7.25972972972973,2.6640288097372364,2.1843528342294674,3.1437047852450055
7.278048048048048,2.666643353909755,2.186934805955864,3.1463519018636457
7.296366366366367,2.669254957609552,2.1895194293770044,3.1489904858421
7.314684684684686,2.671863756504495,2.1921068104076107,3.1516207026013796
7.333003003003004,2.6744698862624605,2.1946970563253942,3.154242716199527
7.351321321321322,2.677073482551313,2.19729027593959,3.1568566891630363
7.36963963963964,2.6796746810389265,2.199886579750836,3.159462782327017
7.387957957957958,2.6822736173931716,2.2024860801023616,3.1620611546839816
7.406276276276277,2.6848704272819184,2.2050888913225415,3.1646519632412953
7.424594594594595,2.6874652463730384,2.207695129858854,3.1672353628872227
7.442912912912914,2.690058210334403,2.2103049144032663,3.1698115062655394
7.461231231231232,2.6926494548338784,2.2129183660090677,3.172380543658689
7.47954954954955,2.6952391155393403,2.215535608199179,3.1749426228795015
7.4978678678678685,2.6978273281186573,2.2181567670659734,3.1774978891713412
7.516186186186187,2.7004142282397003,2.2207819713625816,3.180046485116819
7.534504504504505,2.7029999515703405,2.2234113525857673,3.1825885505549136
7.552822822822823,2.7055846337784493,2.2260450450503146,3.185124222506584
7.571141141141141,2.708168410531895,2.2286831859549983,3.1876536351087914
7.58945945945946,2.710751417498549,2.2313259154401037,3.1901769195569947
7.607777777777779,2.713333790346284,2.233973376636541,3.192694204056027
7.626096096096097,2.715915664742968,2.236625715706511,3.195205613779425
7.644414414414415,2.7184971763564736,2.239283081875799,3.1977112708371482
7.662732732732733,2.7210784608546708,2.2419456274576057,3.200211294251736
7.6810510510510515,2.7236596539054307,2.2446135078680096,3.202705799942852
7.69936936936937,2.726240891176624,2.247286881632987,3.2051949007202607
7.717687687687688,2.72882230833612,2.2499659103870173,3.2076787062852223
7.736006006006007,2.7314040410517917,2.2526507588632847,3.2101573232402987
7.754324324324325,2.733986224991508,2.2553415948754054,3.2126308551076104
7.772642642642643,2.736568995823141,2.2580385892907624,3.2150994023555195
7.790960960960962,2.7391524892145593,2.260741915995352,3.2175630624337668
7.80927927927928,2.741736840833636,2.2634517518501642,3.2200219298171078
7.827597597597598,2.74432218634824,2.2661682766390996,3.22247609605738
7.845915915915916,2.7469086614262426,2.2688916730083544,3.2249256498441308
7.864234234234235,2.749496401735516,2.2716221263973093,3.227370677073723
7.8825525525525535,2.752085542943928,2.2743598249608334,3.229811260927023
7.900870870870872,2.7546762207193516,2.277104959483052,3.232247481955651
7.91918918918919,2.7572685707296554,2.2798577232824795,3.2346794181768312
7.937507507507508,2.759862728642713,2.2826183121085215,3.2371071451769042
7.955825825825826,2.7624588301263935,2.2853869240293103,3.2395307362234766
7.9741441441441445,2.7650570108485653,2.288163759310801,3.2419502623863297
7.992462462462463,2.767657406477104,2.290949020287156,3.2443657926670517
8.010780780780781,2.770260152679877,2.2937429112222736,3.2467773941374807
8.0290990990991,2.7728653851247547,2.29654563816249,3.2491851320870193
8.047417417417417,2.7754732394796098,2.2993574087803736,3.251589070178846
8.065735735735736,2.778083851412312,2.302178432209521,3.2539892706151026
8.084054054054054,2.7806973565907325,2.3050089188703504,3.2563857943111145
8.102372372372372,2.783313890682741,2.3078490802867675,3.2587787010787146
8.12069069069069,2.785933589356207,2.3106991288936647,3.261168049818749
8.139009009009008,2.7885565882790044,2.3135592778351564,3.2635538987228525
8.157327327327328,2.7911830231190033,2.316429740753465,3.2659363054845416
8.175645645645647,2.793813029544072,2.3193107315683745,3.26831532751977
8.193963963963965,2.796446743222083,2.3222024642471486,3.2706910221970174
8.212282282282283,2.799084299820908,2.325105152564824,3.2730634470769915
8.230600600600601,2.801725835008415,2.328019009854726,3.275432660162104
8.24891891891892,2.8043714844524765,2.33094424874915,3.277798720155803
8.267237237237238,2.807021383820963,2.33388108091002,3.2801616867319057
8.285555555555556,2.809675668781746,2.336829716749471,3.2825216208140207
8.303873873873874,2.812334475002692,2.3397903651401104,3.284878584865274
8.322192192192192,2.8149979381516768,2.3427632331149337,3.28723264318842
8.34051051051051,2.817666193896569,2.345748525556636,3.289583862236502
8.358828828828829,2.8203393779052415,2.348746444876212,3.291932310934271
8.377147147147147,2.823017625845561,2.3517571906806705,3.294278061010451
8.395465465465465,2.8257010733854,2.354780959429677,3.296621187341123
8.413783783783783,2.8283898561926293,2.357817944080928,3.2989617683043306
8.432102102102101,2.8310841099351203,2.360868333724078,3.3012998861461624
8.450420420420421,2.833783970280744,2.363932313203028,3.30363562735846
8.46873873873874,2.83648957289737,2.3670100627263224,3.305969083068417
8.487057057057058,2.839201053452867,2.370101757465487,3.3083003494402474
8.505375375375376,2.84191854761511,2.373207567141061,3.3106295280891587
8.523693693693694,2.844642191051966,2.376327655596056,3.3129567265078763
8.542012012012012,2.847372119431308,2.3794621803566827,3.3152820585059333
8.56033033033033,2.8501084684210065,2.3826112921800044,3.3176056446620086
8.578648648648649,2.852851373688931,2.3857751345883393,3.319927612789523
8.596966966966967,2.855600970902954,2.388953843390104,3.322248098415804
8.615285285285285,2.858357395730943,2.3921475461868615,3.3245672452750243
8.633603603603603,2.8611207838407733,2.3953563618662868,3.32688520581526
8.651921921921922,2.8638912709003117,2.398580400080795,3.3292021417198283
8.67024024024024,2.866668992577431,2.4018197607115366,3.3315182244433257
8.688558558558558,2.8694540845399996,2.405074533317502,3.333833635762497
8.706876876876876,2.8722466824558923,2.408344796569453,3.3361485683423315
8.725195195195196,2.8750469219929755,2.411630617668396,3.338463226317555
8.743513513513514,2.877854938819122,2.41493205174834,3.340777825889904
8.761831831831833,2.880670868602203,2.4182491412630474,3.3430925959413584
8.78015015015015,2.883494847010088,2.4215819153565707,3.3454077786636054
8.798468468468469,2.8863270097106475,2.424930389217234,3.347723630204061
8.816786786786787,2.8891674923717536,2.4282945634149127,3.3500404213285946
8.835105105105105,2.892016430661275,2.431674423221314,3.352358438101236
8.853423423423424,2.8948739602470837,2.4350699379130836,3.3546779825810837
8.871741741741742,2.897740216797051,2.4384810477412118,3.3569993858528906
8.89006006006006,2.900615335979047,2.441907521431349,3.359323150526745
8.908378378378378,2.903499453460942,2.445349015445828,3.3616498914760564
8.926696696696697,2.906392704910607,2.4488051842362117,3.3639802255850024
8.945015015015017,2.909295225995913,2.4522756826406664,3.3663147693511593
8.963333333333335,2.91220715238473,2.4557601660599233,3.368654138709537
8.981651651651653,2.9151286197449298,2.45925829060963,3.3709989488802297
8.999969969969971,2.9180597637443806,2.462769713248934,3.3733498142398273
9.01828828828829,2.921000720050956,2.4662940918850893,3.3757073482168227
9.036606606606608,2.923951624332526,2.4698310854538175,3.3780721632112343
9.054924924924926,2.92691261225696,2.473380353975229,3.380444870538691
9.073243243243244,2.929883819492131,2.476941558585021,3.3828260803992407
9.091561561561562,2.932865381705907,2.4805143615407137,3.3852164018711
9.10987987987988,2.93585743456616,2.484098426202643,3.387616442929677
9.128198198198199,2.938860113740761,2.4876934169894374,3.3900268104920843
9.146516516516517,2.9418735548975805,2.4912989993077144,3.3924481104874467
9.164834834834835,2.9448978937044896,2.4949148253994,3.3948809620095792
9.183153153153153,2.9479332658293567,2.4985404505685556,3.3973260810901578
9.201471471471471,2.9509798069400555,2.5021753974060963,3.3997842164740146
9.219789789789791,2.9540376527044563,2.5058192015902176,3.402256103818695
9.23810810810811,2.9571069387904276,2.5094714125129736,3.4047424650678817
9.256426426426428,2.960187800865843,2.5131315927332434,3.4072440089984424
9.274744744744746,2.9632803745985696,2.5167992701002473,3.409761479096892
9.293063063063064,2.966384795656482,2.520473919376558,3.4122956719364064
9.311381381381382,2.9695011997074476,2.5241550340276078,3.4148473653872875
9.3296996996997,2.9726297224193394,2.5278421330904317,3.417417311748247
9.348018018018019,2.975770499460027,2.531534761890034,3.42000623703002
9.366336336336337,2.978923666497382,2.5352324926844108,3.4226148403103536
9.384654654654655,2.982089359199273,2.538934925236163,3.4252437931623834
9.402972972972973,2.985267713233574,2.542641687308641,3.427893739158507
9.421291291291292,2.9884588642681535,2.5463524350846374,3.4305652934516697
9.43960960960961,2.991662947970881,2.550066853505652,3.4332590424361102
9.457927927927928,2.99488010000963,2.553784656529876,3.435975543489384
9.476246246246246,2.9981104560522702,2.557505587307019,3.4387153247975215
9.494564564564564,3.0013541517666718,2.561229418268316,3.4414788852650275
9.512882882882884,3.0046113228207063,2.5649559511300506,3.444266694511362
9.531201201201203,3.007882104882243,2.568685016809057,3.4470791929554285
9.54951951951952,3.011166633619154,2.5724164752488416,3.449916791989466
9.567837837837839,3.0144650446993086,2.5761502151549514,3.452779874243666
9.586156156156157,3.01777747379058,2.579886153638544,3.455668793942616
9.604474474474475,3.021104056560836,2.583624235767021,3.4585838773546507
9.622792792792794,3.0244449286779482,2.587364434020919,3.4615254233349773
9.641111111111112,3.0278002258097882,2.591106747656274,3.4644937039633024
9.65942942942943,3.0311700836242257,2.594851201971837,3.4674889652766145
9.677747747747748,3.034554637789133,2.598597846372928,3.470511429205338
9.696066066066066,3.0379540239723792,2.602346716773983,3.4735613311707754
9.714384384384385,3.041368377841836,2.6060978262339054,3.4766389294497664
9.732702702702703,3.044797835065373,2.609851207863022,3.479744462267724
9.751021021021021,3.048242531310862,2.6136069173230387,3.4828781452986854
9.76933933933934,3.0517026022461726,2.6173650324436544,3.486040172048691
9.78765765765766,3.0551781835391765,2.6211256527644347,3.4892307143139183
9.805975975975977,3.058669410857743,2.624888899001649,3.492449922713837
9.824294294294296,3.062176419869744,2.6286549124400884,3.4956979272993993
9.842612612612614,3.0656993462430506,2.6324238542497813,3.49897483823632
9.860930930930932,3.069238325645533,2.6361959047257413,3.502280746565325
9.87924924924925,3.072793492848189,2.6399712434261247,3.505615742270253
9.897567567567569,3.0763649671863282,2.6437499892559786,3.508979945116678
9.915885885885887,3.079952854989289,2.6475322405497668,3.5123734694288116
9.934204204204205,3.0835572621799607,2.6513180491836206,3.515796475176301
9.952522522522523,3.0871782946812307,2.6551074599280096,3.519249129434452
9.970840840840841,3.090816058415987,2.658900534216799,3.522731582615175
9.98915915915916,3.094470659307117,2.6626973511648697,3.5262439674493646
10.007477477477478,3.0981422032775088,2.6664980084712173,3.5297863980838002
10.025795795795796,3.10183079625005,2.6703026232438125,3.5333589692562875
10.044114114114114,3.105536544147628,2.6741113327454515,3.5369617555498047
10.062432432432432,3.109259552893132,2.6779242950600497,3.540594810726214
10.080750750750752,3.1129999284094483,2.6817416896787623,3.5442581671401343
10.09906906906907,3.116757776619465,2.6855637180056218,3.547951835233308
10.117387387387389,3.1205332034460707,2.68939060378229,3.5516758031098514
10.135705705705707,3.1243263148121523,2.6932225934317833,3.5554300361925213
10.154024024024025,3.128137216640597,2.6970599563210826,3.5592144769601117
10.172342342342343,3.1319660148542954,2.700902984942646,3.563029044765945
10.190660660660662,3.135812815376132,2.70475199501496,3.566873635737304
10.20897897897898,3.1396777241289966,2.7086073255024146,3.5707481227555786
10.227297297297298,3.1435608470357765,2.712469338554852,3.574652355516701
10.245615615615616,3.1474622900193583,2.716338419367229,3.5785861606714877
10.263933933933934,3.1513821590026323,2.7202149759600363,3.5825493420452283
10.282252252252253,3.1553205599084833,2.724099438881059,3.5865416809359076
10.30057057057057,3.1592775986598016,2.7279922608293092,3.590562936490294
10.318888888888889,3.163253381179474,2.7318939162019182,3.5946128461570295
10.337207207207207,3.167248013390388,2.735804900564924,3.5986911262158525
10.355525525525527,3.171261601215432,2.7397257300489333,3.6027974723819307
10.373843843843845,3.1752942505774944,2.7436569406706854,3.6069315604843033
10.392162162162164,3.1793460673994605,2.7475990875815897,3.6110930472173313
10.410480480480482,3.1834171576042207,2.7515527442443823,3.615281570964059
10.4287987987988,3.1875076271146607,2.7555185015389756,3.619496752690346
10.447117117117118,3.1916175818536705,2.7594969667987295,3.6237381969086115
10.465435435435436,3.1957471277441365,2.7634887627782074,3.6280054927100656
10.483753753753755,3.1998963707089465,2.767494526553636,3.632298214864257
10.502072072072073,3.2040654166709888,2.7715149083570916,3.636615924984886
10.520390390390391,3.2082543715531506,2.7755505703455734,3.640958172760728
10.53870870870871,3.21246334127832,2.77960218530593,3.64532449725071
10.557027027027027,3.2166924317693852,2.7836704352966306,3.64971442824214
10.575345345345346,3.2209417489492336,2.7877560102272794,3.654127487671188
10.593663663663664,3.2252113987407527,2.791859606228379,3.6585631912531262
10.611981981981982,3.229501487066831,2.795981892771706,3.6630210813619555
10.6303003003003,3.2338121198503558,2.800123472171495,3.6675007675292166
10.64861861861862,3.238143403014215,2.8042849370561944,3.6720018689722353
10.666936936936938,3.2424954424812964,2.8084668289805776,3.676524055982015
10.685255255255257,3.2468683441744877,2.8126696332346595,3.681067055114316
10.703573573573575,3.2512622140166765,2.816893831819831,3.685630596213522
10.721891891891893,3.255677157930751,2.8211399061904743,3.690214409671028
10.740210210210211,3.2601132818395993,2.8254083371499306,3.694818226529268
10.75852852852853,3.264570691666107,2.8296996046847678,3.6994417786474463
10.776846846846848,3.2690494933331657,2.8340141867124204,3.704084799953911
10.795165165165166,3.2735497927636596,2.838352512884212,3.7087470726431073
10.813483483483484,3.278071695880479,2.842714945341436,3.713428446419522
10.831801801801802,3.2826153086065104,2.8471018389267315,3.7181287782862893
10.85012012012012,3.287180736864641,2.851513546376168,3.722847927353114
10.868438438438439,3.291768086577761,2.8559504186384346,3.727585754517088
10.886756756756757,3.296377463668756,2.8604128051254456,3.7323421222120663
10.905075075075075,3.301008974060515,2.864901053894558,3.737116894226472
10.923393393393395,3.305662723675925,2.8694155117625226,3.741909935589327
10.941711711711713,3.3103388184378737,2.873956524351381,3.7467211125243662
10.960030030030032,3.315037364269249,2.8785244360663804,3.751550292472118
10.97834834834835,3.3197584670929396,2.8831195900060993,3.75639734417978
10.996666666666668,3.324502232831832,2.887742327804828,3.761262137858836
11.014984984984986,3.3292687674088146,2.892392989407343,3.7661445454102864
11.033303303303304,3.334058176746776,2.897071912776059,3.771044440717493
11.051621621621623,3.338870566768602,2.9017794335306575,3.775961700006546
11.06993993993994,3.343706043397183,2.9065158845201347,3.780896202274231
11.088258258258259,3.3485647125554037,2.9112815953272344,3.785847829783573
11.106576576576577,3.3534466801661544,2.9160768906214636,3.7908164697108453
11.124894894894895,3.3583520339928112,2.9209020172611093,3.795802050724513
11.143213213213214,3.3632806209702206,2.925756848985437,3.8008043929550044
11.161531531531532,3.368232117272057,2.9306409873400456,3.805823247204068
11.17984984984985,3.3732061954473056,2.9355540115175507,3.8108583793770605
11.198168168168168,3.3782025280449592,2.940495492316269,3.8159095637736495
11.216486486486488,3.383220787614006,2.945464993148581,3.8209765820794312
11.234804804804806,3.388260646703437,2.9504620709961005,3.8260592224107732
11.253123123123125,3.39332177786224,2.9554862773120156,3.831157278412465
11.271441441441443,3.398403853639406,2.9605371588709897,3.836270548407822
11.289759759759761,3.4035065465839245,2.965614258566907,3.841398834600942
11.30807807807808,3.408629529244784,2.970717116158802,3.8465419423307656
11.326396396396397,3.413772474170977,2.975845268965202,3.8516996793767517
11.344714714714716,3.4189350539114916,2.9809982525071397,3.8568718553158434
11.363033033033034,3.4241169410153165,2.986175601100027,3.862058280930606
11.381351351351352,3.4293178080314433,2.9913768483835805,3.867258767679306
11.39966966966967,3.4345373275088598,2.996601493771781,3.8724731612459387
11.417987987987988,3.4397751719965584,3.0018489267787194,3.8777014172143973
11.436306306306307,3.4450310140435256,3.007118513989343,3.8829435140977084
11.454624624624625,3.4503045261987544,3.012409622100554,3.8881994302969547
11.472942942942943,3.455595381011232,3.017721619219497,3.8934691428029673
11.491261261261263,3.4609032510299502,3.0230538761066437,3.898752625953257
11.509579579579581,3.4662278088038962,3.0284057673637874,3.904049850244005
11.5278978978979,3.471568726882062,3.0337766725671047,3.9093607811970195
11.546216216216218,3.4769256778134356,3.0391659773452497,3.9146853782816216
11.564534534534536,3.4822983341470084,3.0445730744025474,3.9200235938914694
11.582852852852854,3.487686368431768,3.049997364487173,3.9253753723763625
11.601171171171172,3.4930894532167067,3.0554382573042913,3.930740649129122
11.61948948948949,3.498507261050812,3.0608951723739284,3.936119349727696
11.637807807807809,3.503939464483075,3.0663675398335375,3.9415113891326126
11.656126126126127,3.509385736062485,3.0718548011849753,3.946916670939995
11.674444444444445,3.5148457483380318,3.077356409985727,3.9523350866903364
11.692762762762763,3.5203191738587045,3.082871832484164,3.957766515233245
11.711081081081081,3.5258056851734936,3.088400548198594,3.963210822148393
11.7293993993994,3.5313049548313886,3.0939420504398543,3.968667859222923
11.747717717717718,3.536816655381379,3.099495846777232,3.974137463985526
11.766036036036036,3.542340459372455,3.1050614594474673,3.9796194592974428
11.784354354354356,3.5478760393536066,3.1106384257065987,3.9851136530006146
11.802672672672674,3.5534230678738217,3.116226298124445,3.9906198376231985
11.820990990990992,3.5589812174820925,3.1218246448215154,3.9961377901426696
11.83930930930931,3.5645501607274066,3.127433049648138,4.001667271806675
11.857627627627629,3.5701295701587554,3.133051112305669,4.007208028011842
11.875945945945947,3.575719118325127,3.1386784484095793,4.0127597882406745
11.894264264264265,3.581318477775513,3.1443146894943412,4.018322266056685
11.912582582582584,3.586927321058901,3.149959482959972,4.0238951591578305
11.930900900900902,3.5925453207242826,3.1556124919601487,4.029478149488416
11.94921921921922,3.598172149320647,3.161273395231854,4.03507090340944
11.967537537537538,3.603807479396983,3.166941886866498,4.040673071927468
11.985855855855856,3.6094509835022808,3.172617676022507,4.0462842909820544
12.004174174174175,3.615102334185531,3.178300486579379,4.051904181791683
12.022492492492493,3.6207612039957224,3.183990056733253,4.057532351258192
12.040810810810811,3.6264272654818455,3.1896861385340034,4.063168392429687
12.059129129129131,3.63210019119289,3.195388497363964,4.068811885021815
12.07744744744745,3.637779653677844,3.2010969113583077,4.07446239599738
12.095765765765767,3.6434653254856983,3.2068111707672236,4.080119480204173
12.114084084084086,3.6491568791654436,3.212531077259931,4.085782681070956
12.132402402402404,3.6548539872660673,3.2182564431706644,4.09145153136147
12.150720720720722,3.6605563223365616,3.2239870906867205,4.097125553986403
12.16903903903904,3.666263556925915,3.2297228509786375,4.1028042628731924
12.187357357357358,3.671975363583117,3.2354635632726336,4.108487163893601
12.205675675675677,3.677691414857159,3.2412090738653463,4.114173755848972
12.223993993993995,3.6834113832970283,3.2469592350809457,4.119863531513111
12.242312312312313,3.689134941451716,3.2527139041706667,4.1255559787327645
12.260630630630631,3.694861761870211,3.2584729421547665,4.131250581585656
12.27894894894895,3.700591517101505,3.264236212606906,4.136946821596103
12.297267267267268,3.706323879694586,3.270003580380911,4.142644179008261
12.315585585585586,3.712058522198443,3.275774910279824,4.148342134117062
12.333903903903904,3.717795117162068,3.281550065667186,4.15404016865695
12.352222222222224,3.7235333371344486,3.2873289070203144,4.159737767248583
12.370540540540542,3.7292728546645764,3.2931112904254696,4.165434418903683
12.38885885885886,3.7350133423014396,3.298897066014625,4.171129618588254
12.407177177177179,3.7407544725940287,3.3046860763435775,4.17682286884448
12.425495495495497,3.746495918091334,3.310478154711098,4.18251368147157
12.443813813813815,3.752237351342343,3.316273123151447,4.188201579533239
12.462132132132133,3.7579784448960476,3.322070740085748,4.193886149706348
12.480450450450451,3.7637188713014362,3.3278706408172147,4.199567101785657
12.49876876876877,3.7694583031075006,3.333672435298106,4.205244170916895
12.517087087087088,3.775196412863227,3.33947572233711,4.210917103389344
12.535405405405406,3.780932873117609,3.3452800889756826,4.216585657259535
12.553723723723724,3.786667356419633,3.3510851098219887,4.222249603017278
12.572042042042042,3.7923995353182915,3.356890346342525,4.227908724294059
12.59036036036036,3.798129082362572,3.362695341375478,4.233562823349666
12.608678678678679,3.803855670101466,3.3684995426122892,4.2392117975906425
12.626996996996999,3.8095789710839623,3.3743023189328993,4.244855623235025
12.645315315315317,3.81529865785905,3.3801030286758897,4.25049428704221
12.663633633633635,3.8210144029757203,3.385901022185568,4.256127783765872
12.681951951951953,3.8267258789829617,3.391695642143662,4.261756115822261
12.700270270270272,3.832432758429765,3.3974862238525447,4.267379293006985
12.71858858858859,3.8381347138651183,3.4032720931643183,4.272997334565918
12.736906906906908,3.8438314178380133,3.409052508244177,4.27861032743185
12.755225225225226,3.8495225428974384,3.41482665903458,4.2842184267602965
12.773543543543544,3.855207761592384,3.4205937337607177,4.28982178942405
12.791861861861863,3.8608867464718393,3.4263529234840826,4.295420569459596
12.810180180180181,3.866559170084794,3.43210342319024,4.301014916979348
12.828498498498499,3.8722247049802374,3.4378444328047912,4.306604977155684
12.846816816816817,3.8778830237071618,3.4435751581371634,4.31219088927716
12.865135135135136,3.8835337988145544,3.449294811751826,4.317772785877283
12.883453453453454,3.8891767028514055,3.45500261376651,4.323350791936301
12.901771771771772,3.8948114083667043,3.460697792576917,4.328925024156491
12.920090090090092,3.9004375879094417,3.4663795855074673,4.334495590311416
12.93840840840841,3.9060549140286063,3.472047239387497,4.340062588669716
12.956726726726728,3.911663059273189,3.4777000110524763,4.345626107493901
12.975045045045047,3.9172616961921785,3.483337167769632,4.351186224614724
12.993363363363365,3.922850497334565,3.488957987587516,4.356743007081614
13.011681681681683,3.928429135249338,3.494561759609007,4.362296510889669
13.030000000000001,3.933997282485488,3.5001477841872464,4.36784678078373
13.04831831831832,3.939554611592003,3.5057153730441013,4.373393850139905
13.066636636636638,3.9451007951178747,3.51126384931071,4.37893774092504
13.084954954954956,3.950635505612092,3.5167925474897457,4.384478463734438
13.103273273273274,3.956158422331197,3.5223008152044444,4.39001602945795
13.121591591591592,3.961669392698286,3.527788134160502,4.39555065123607
13.13990990990991,3.967168440403713,3.533254149097977,4.401082731709449
13.158228228228229,3.9726555974666513,3.538698491164949,4.406612703768354
13.176546546546547,3.978130895906269,3.5441207670716866,4.412141024740851
13.194864864864867,3.98359436774174,3.5495205551493623,4.417668180334117
13.213183183183185,3.989046044992233,3.554897440579368,4.423194649405098
13.231501501501503,3.9944859596769224,3.5602510328379244,4.42872088651592
13.249819819819821,3.9999141438149786,3.5655809671491716,4.434247320480785
13.26813813813814,4.005330629425572,3.570886905827765,4.439774353023378
13.286456456456458,4.010735448527876,3.5761685395203564,4.445302357535395
13.304774774774776,4.016128633141059,3.5814255883446124,4.450831677937505
13.323093093093094,4.0215102152842945,3.5866578029244245,4.456362627644165
13.341411411411412,4.026880226976753,3.59186496532018,4.461895488633327
13.35972972972973,4.032238700237609,3.597046889853,4.467430510622218
13.378048048048049,4.037585667086029,3.602203423822041,4.472967910350017
13.396366366366367,4.042921159541188,3.6073344481141194,4.478507870968256
13.414684684684685,4.048245209622256,3.61243987770504,4.484050541539473
13.433003003003003,4.0535578493484055,3.6175196620522274,4.489596036644583
13.451321321321322,4.058859110738805,3.622573785378441,4.495144436099168
13.46963963963964,4.064149025812629,3.6276022668464996,4.500695784778759
13.48795795795796,4.069427626589048,3.6326051606252068,4.506250092552889
13.506276276276278,4.074694945087233,3.6375825558468193,4.5118073343276475
13.524594594594596,4.079951013326356,3.6425345764565584,4.517367450196154
13.542912912912914,4.085195863325588,3.647461380954989,4.522930345696186
13.561231231231233,4.0904295271041,3.6523631620340997,4.5284958921741
13.57954954954955,4.095652036681065,3.6572401461082507,4.534063927253879
13.597867867867869,4.100863424075652,3.6620925762348584,4.539634271916446
13.616186186186187,4.106063721307034,3.6669206546414745,4.545206787972594
13.634504504504505,4.111252960394382,3.671724590201324,4.55078133058744
13.652822822822824,4.116431173356869,3.676504616888869,4.556357729824869
13.671141141141142,4.121598392213665,3.6812609936973963,4.561935790729933
13.68945945945946,4.12675464898394,3.685994004483834,4.567515293484047
13.707777777777778,4.131899975686867,3.690703937429202,4.573096013944532
13.726096096096096,4.137034404341617,3.6953910134586003,4.578677795224634
13.744414414414415,4.142157966967361,3.7000554455937755,4.584260488340948
13.762732732732735,4.147270695583273,3.7046974628521685,4.589843928314378
13.781051051051053,4.152372622208522,3.7093173106985593,4.595427933718485
13.799369369369371,4.157463778862279,3.7139152514393468,4.60101230628521
13.81768768768769,4.162544197563716,3.7184915645605074,4.606596830566925
13.836006006006007,4.1676139103320065,3.723046547009759,4.6121812736542545
13.854324324324326,4.1726729491863175,3.7275805134235935,4.617765384949042
13.872642642642644,4.177721346145824,3.7320937962998584,4.62334889599179
13.890960960960962,4.1827591332296965,3.7365867461165867,4.628931520342807
13.90927927927928,4.187786342457106,3.7410597313979617,4.634512953516251
13.927597597597599,4.192803005847226,3.7455131387282035,4.640092872966249
13.945915915915917,4.1978091554192245,3.749947372714344,4.6456709381241055
13.964234234234235,4.202804823192274,3.7543628558988003,4.6512467904857475
13.982552552552553,4.207790041185548,3.758760028622804,4.656820053748292
14.000870870870871,4.212764841418215,3.763139348841632,4.662390333994798
14.01918918918919,4.217729255909448,3.7675012918928164,4.6679572199260795
14.037507507507508,4.222683316678418,3.7718463502183215,4.673520283138513
14.055825825825828,4.227627055744298,3.7761750330418544,4.679079078446741
14.074144144144146,4.232560505126256,3.7804878660024164,4.684633144250095
14.092462462462464,4.237483696843466,3.7847853907452373,4.690182002941694
14.110780780780782,4.2423966629151,3.789068164471197,4.695725161359003
14.1290990990991,4.247299435360327,3.793336759445881,4.701262111274773
14.147417417417419,4.25219204619832,3.797591762469407,4.706792329927233
14.165735735735737,4.257074527448251,3.8018337743080566,4.712315280588445
14.184054054054055,4.2619469111292885,3.8060634090888525,4.717830413169724
14.202372372372373,4.266809229260606,3.8102812936581,4.723337164863112
14.220690690690692,4.2716615138613765,3.8144880669048873,4.728834960817866
14.23900900900901,4.276503796950768,3.818684379050528,4.734323214851009
14.257327327327328,4.281336110547955,3.822870890904881,4.739801330191029
14.275645645645646,4.286158486672107,3.827048273090381,4.745268700253834
14.293963963963964,4.290970957342396,3.8312171792910754,4.7507247353937165
14.312282282282283,4.295773554577993,3.8353780515105598,4.756169057645426
14.330600600600603,4.300566310398071,3.8395312202934333,4.761601400502708
14.34891891891892,4.305349256821798,3.843677010181958,4.767021503461638
14.367237237237239,4.310122425868348,3.8478157410371536,4.772429110699543
14.385555555555557,4.314885849556893,3.8519477285541046,4.77782397055968
14.403873873873875,4.319639559906603,3.856073284750441,4.783205835062765
14.422192192192194,4.32438358893665,3.860192718428293,4.788574459445006
14.440510510510512,4.329117968666204,3.8643063356098843,4.793929601722525
14.45882882882883,4.33384273111444,3.868414439947089,4.799271022281791
14.477147147147148,4.338557908300524,3.8725173331051574,4.804598483495891
14.495465465465466,4.343263532243633,3.87661531512092,4.809911749366345
14.513783783783785,4.347959634962934,3.880708684735701,4.815210585190167
14.532102102102103,4.352646248477601,3.884797739703227,4.820494757251976
14.550420420420421,4.357323404806804,3.888882777072794,4.825764032540814
14.56873873873874,4.361991135969716,3.892964093447991,4.8310181784914406
14.587057057057057,4.3666494739855075,3.897041985221191,4.836256962749824
14.605375375375376,4.371298450873349,3.9011167487841276,4.8414801529625695
14.623693693693696,4.375938098652413,3.9051886807147964,4.84668751659003
14.642012012012014,4.3805684493418715,3.909258077940939,4.8518788207428045
14.660330330330332,4.385189534960896,3.9133252378803505,4.857053832041441
14.67864864864865,4.389801387528654,3.9173904585582804,4.862212316499027
14.696966966966968,4.394404039064322,3.921454038702149,4.867354039426496
14.715285285285287,4.398997521587069,3.925516277813784,4.872478765360354
14.733603603603605,4.403581867116066,3.929577476219454,4.877586258012678
14.751921921921923,4.408157107670486,3.933637935097851,4.882676280243121
14.770240240240241,4.412723275269499,3.937697956486258,4.8877485940527405
14.78855855855856,4.417280401932277,3.9417578432650546,4.892802960599498
14.806876876876878,4.421828519677993,3.945817899120782,4.897839140235203
14.825195195195196,4.426367660525815,3.9498784284878905,4.90285689256374
14.843513513513514,4.430897856494917,3.953939736469327,4.907855976520506
14.861831831831832,4.43541913960447,3.9580021287361005,4.912836150472839
14.88015015015015,4.439931541873643,3.9620659114059347,4.917797172341352
14.89846846846847,4.444435095321612,3.966131390901136,4.922738799742088
14.916786786786789,4.448929831967544,3.9701988737857077,4.927660790149381
14.935105105105107,4.453415783830613,3.9742686665818194,4.932562901079407
14.953423423423425,4.45789298292999,3.978341075565686,4.9374448902942945
14.971741741741743,4.462361461284846,3.982416406542834,4.942306516026859
14.990060060060062,4.466821251560792,3.9864949652492476,4.947147537872336
15.00837837837838,4.471272390471347,3.9905770604869577,4.951967720455736
15.026696696696698,4.4757149162935495,3.9946630013531386,4.95676683123396
15.045015015015016,4.480148867307796,3.9987530953727606,4.961544639242831
15.063333333333334,4.484574281794476,4.002847648167249,4.966300915421703
15.081651651651653,4.4889911980339825,4.006946963105688,4.971035432962277
15.09996996996997,4.493399654306708,4.01105134093495,4.9757479676784655
15.118288288288289,4.497799688893049,4.015161079388739,4.980438298397359
15.136606606606607,4.502191340073392,4.0192764727752035,4.985106207371581
15.154924924924925,4.506574646128134,4.023397811543053,4.989751480713214
15.173243243243244,4.510949645337665,4.027525381825887,4.994373908849443
15.191561561561564,4.515316375982382,4.031659464964393,4.9989732870003705
15.209879879879882,4.519674876342673,4.035800337006256,5.003549415679091
15.2281981981982,4.5240251846989326,4.039948268183345,5.00810210121452
15.246516516516518,4.528367339331554,4.0441035223658455,5.012631156297263
15.264834834834836,4.532701378520928,4.048266356492997,5.017136400548859
15.283153153153155,4.53702734054745,4.052437019979953,5.021617661114947
15.301471471471473,4.541345263691511,4.056615754100326,5.026074773282696
15.319789789789791,4.545655186233502,4.060802791343999,5.030507581123006
15.33810810810811,4.549957146453819,4.0649983547495925,5.034915938158045
15.356426426426427,4.554251182632853,4.069202657211121,5.0392997080545845
15.374744744744746,4.558537333050997,4.073415900758198,5.043658765343796
15.393063063063064,4.562815635988642,4.077638275809268,5.0479929961680154
15.411381381381382,4.567086129726184,4.081869960397126,5.052302299055243
15.4296996996997,4.571348852544014,4.086111119366112,5.056586585721915
15.448018018018018,4.575603842722523,4.090361903540308,5.060845781904738
15.466336336336337,4.5798511385421055,4.09462244886194,5.065079828222271
15.484654654654657,4.584090778283155,4.098892875499294,5.069288681067016
15.502972972972975,4.588322800226063,4.103173286923313,5.073472313528813
15.521291291291293,4.5925472426512215,4.107463768952157,5.077630716350286
15.539609609609611,4.596764143839024,4.1117643743523775,5.08176391332567
15.55792792792793,4.6009735420698625,4.116074841649989,5.085872242489736
15.576246246246248,4.60517547562413,4.120394619285421,5.089956331962839
15.594564564564566,4.60936998278222,4.124723135996491,5.094016829567949
15.612882882882884,4.613557101824525,4.129059812811236,5.098054390837814
15.631201201201202,4.617736871031438,4.1334040642429315,5.102069677819944
15.64951951951952,4.621909328683349,4.137755299455603,5.106063357911094
15.667837837837839,4.626074513060653,4.142112923401035,5.1100361027202705
15.686156156156157,4.630232462443743,4.146476337928221,5.113988586959265
15.704474474474475,4.63438321511301,4.1508449428658665,5.117921487360153
15.722792792792793,4.638526809348849,4.155218137078792,5.121835481618906
15.741111111111111,4.64266328343165,4.1595953194986635,5.125731247364637
15.759429429429431,4.646792675641807,4.1639758901296835,5.1296094611539305
15.77774774774775,4.650915024259714,4.168359251029434,5.133470797489993
15.796066066066068,4.655030367565759,4.172744807265389,5.137315927866129
15.814384384384386,4.659138743840341,4.177131967847138,5.141145519833544
15.832702702702704,4.663240191363849,4.181520146634594,5.144960236093104
15.851021021021023,4.667334748416676,4.185908763222118,5.148760733611233
15.86933933933934,4.671422453279214,4.1902972437986525,5.152547662759775
15.887657657657659,4.675503344231858,4.194685021983704,5.156321666480012
15.905975975975977,4.679577459554999,4.19907153963901,5.160083379470987
15.924294294294295,4.683644837529029,4.203456247655745,5.163833427402314
15.942612612612614,4.687705516434342,4.207838606716894,5.167572426151789
15.960930930930932,4.691759534551331,4.2122180880344935,5.171300981068169
15.97924924924925,4.695806930160387,4.216594174061345,5.1750196862594295
15.997567567567568,4.6998477415419035,4.220966359176746,5.178729123907061
16.015885885885886,4.703882006976276,4.225334150345766,5.182429863606785
16.034204204204205,4.707909764743892,4.2296970677514985,5.186122461736286
16.052522522522523,4.711931053125146,4.234054645399803,5.1898074608504885
16.07084084084084,4.715945910400434,4.23840643169588,5.193485389104987
16.08915915915916,4.719954374850144,4.242751989991988,5.1971567597083
16.107477477477477,4.7239564847546704,4.247090899105875,5.200822070403466
16.125795795795796,4.727952278394408,4.25142275380898,5.204481802979836
16.144114114114114,4.731941794049746,4.255747165283966,5.208136422815526
16.162432432432432,4.7359250700010795,4.260063761550701,5.211786378451458
16.18075075075075,4.7399021445288,4.264372187860173,5.215432101197428
16.19906906906907,4.7438730559132996,4.268672107055435,5.219074004771164
16.217387387387387,4.747837842434974,4.2729631998991415,5.222712484970806
16.235705705705705,4.751796542374212,4.277245165366714,5.22634791938171
16.254024024024023,4.755749194011409,4.281517720904695,5.229980667118124
16.27234234234234,4.759695835626956,4.285780602653476,5.233611068600435
16.29066066066066,4.763636505501246,4.2900335656338555,5.237239445368637
16.308978978978978,4.767571241914674,4.294276383896708,5.24086609993264
16.3272972972973,4.77150008314763,4.298508850635311,5.244491315659949
16.345615615615618,4.7754230674805065,4.30273077825959,5.248115356701423
16.363933933933936,4.779340233193698,4.306941998431913,5.251738467955482
16.382252252252254,4.783251618567594,4.311142362063786,5.2553608750714025
16.400570570570572,4.787157261882593,4.3153317392731285,5.258982784492057
16.41888888888889,4.791057201419081,4.319510019301532,5.26260438353663
16.43720720720721,4.794951475457454,4.3236771103912925,5.2662258405236155
16.455525525525527,4.798840122278105,4.327832939621688,5.2698473049345225
16.473843843843845,4.802723180161427,4.331977452704337,5.2734689076185175
16.492162162162163,4.806600687387812,4.336110613737265,5.277090761038359
16.51048048048048,4.81047268223765,4.340232404917507,5.2807129595577935
16.5287987987988,4.814339202991339,4.344342826212039,5.284335579770638
16.547117117117118,4.818200287929267,4.348441894986865,5.287958680871669
16.565435435435436,4.8220559753318275,4.352529645594247,5.291582305069408
16.583753753753754,4.825906303479416,4.356606128917819,5.295206478041012
16.602072072072072,4.829751310652423,4.3606714038195085,5.298831217485337
16.62039039039039,4.833591035131241,4.364725449812714,5.302456620449768
16.63870870870871,4.837425515196262,4.368768204275984,5.3060828261165405
16.657027027027027,4.841254789127882,4.3727996261184625,5.309709952137302
16.675345345345345,4.84507889520649,4.376819696811044,5.313338093601937
16.693663663663663,4.848897871712481,4.380828420229742,5.31696732319522
16.71198198198198,4.852711756926247,4.384825822439247,5.320597691413248
16.7303003003003,4.85652058912818,4.388811951416489,5.32422922683987
16.748618618618618,4.860324406598672,4.392786876714071,5.3278619364832736
16.766936936936936,4.864123247618118,4.396750689063574,5.331495806172662
16.785255255255255,4.867917150466909,4.400703499918677,5.335130801015142
16.803573573573573,4.871706153425438,4.404645440938188,5.338766865912689
16.82189189189189,4.875490294774099,4.408576663409041,5.3424039261391565
16.84021021021021,4.8792696127932835,4.412497337609501,5.346041887977066
16.858528528528527,4.883044145763383,4.416407652112646,5.349680639414119
16.876846846846846,4.886813931964792,4.420307813030471,5.353320050899113
16.895165165165164,4.890579009677902,4.424198043198809,5.356959976156995
16.913483483483482,4.894339417183106,4.428078581303441,5.360600253062771
16.9318018018018,4.898095192760797,4.431949680947594,5.364240704574001
16.95012012012012,4.901846374691368,4.4358116096612905,5.367881139721445
16.968438438438437,4.905593001255211,4.4396646478528154,5.371521354657606
16.986756756756755,4.909335110732718,4.443509087702682,5.375161133762753
17.005075075075073,4.913072741404284,4.447345232000449,5.378800250808119
17.02339339339339,4.916805931550299,4.4511733929246695,5.382438470175929
17.041711711711713,4.920534719451157,4.454993890766438,5.386075548135876
17.06003003003003,4.924259143387252,4.458807052596676,5.3897112341778275
17.07834834834835,4.927979241638974,4.462613210877569,5.39334527240038
17.096666666666668,4.9316950524867185,4.466412702018326,5.396977402955111
17.114984984984986,4.935406614210875,4.470205864875507,5.400607363546242
17.133303303303304,4.9391139650918365,4.473993039198077,5.404234890985596
17.151621621621622,4.942817143409999,4.477774564017334,5.407859722802664
17.16993993993994,4.946516187445752,4.4815507759817415,5.411481598909763
17.18825825825826,4.95021113547949,4.485322007636733,5.415100263322247
17.206576576576577,4.953902025791604,4.489088585649404,5.418715465933803
17.224894894894895,4.957588896662489,4.492850828978089,5.4223269643468885
17.243213213213213,4.961271786372534,4.496609046986517,5.425934525758551
17.26153153153153,4.964950733202135,4.50036353750252,5.429537928901751
17.27984984984985,4.9686257754316845,4.504114579409646,5.433136971453723
17.298168168168168,4.972296951341573,4.507862330268123,5.436731572415022
17.316486486486486,4.975964299212195,4.511606831126744,5.440321767297646
17.334804804804804,4.979627857323942,4.515348095897575,5.44390761875031
17.353123123123122,4.983287663957209,4.519086113994821,5.447489213919597
17.37144144144144,4.986943757392385,4.522820849539678,5.451066665245093
17.38975975975976,4.9905961759098645,4.52655224054549,5.454640111274239
17.408078078078077,4.994244957790043,4.530280198083292,5.458209717496794
17.426396396396395,4.997890141313308,4.53400460542793,5.461775677198685
17.444714714714713,5.001531764760055,4.537725317184974,5.465338212335136
17.46303303303303,5.005169866410676,4.541442158398746,5.4688975744226065
17.48135135135135,5.008804484545565,4.545154923641813,5.472454045449317
17.499669669669668,5.012435657445113,4.54886337608644,5.476007938803787
17.517987987987986,5.0160634233897134,4.552567246558571,5.479559600220856
17.536306306306304,5.01968782065976,4.556266232575034,5.483109408744486
17.554624624624623,5.0233088875356415,4.559959997364705,5.486657777706578
17.57294294294294,5.026926662297756,4.5636481688746136,5.490205155720898
17.59126126126126,5.030541183226493,4.567330338761948,5.493752027691038
17.60957957957958,5.0341524886022455,4.571006061373274,5.497298915831217
17.6278978978979,5.037760616705405,4.57467485271217,5.500846380698641
17.646216216216217,5.041365605816367,4.57833618939697,5.504395022235763
17.664534534534535,5.044967494215521,4.5819895076100945,5.507945480820947
17.682852852852854,5.048566320183263,4.585634202041041,5.511498438325485
17.701171171171172,5.052162121999983,4.589269624825014,5.515054619174951
17.71948948948949,5.055754937946076,4.592895079040582,5.51861479685157
17.73780780780781,5.059344806301931,4.596509708801094,5.522179903802768
17.756126126126127,5.062931765347946,4.6001125074438995,5.525751023251992
17.774444444444445,5.066515853364509,4.603702425110244,5.529329281618773
17.792762762762763,5.070097108632014,4.607278374242708,5.53291584302132
17.81108108108108,5.073675569430854,4.6108392307115045,5.536511908150204
17.8293993993994,5.077251274041423,4.614383834975336,5.54011871310751
17.847717717717718,5.080824260744111,4.617910993278822,5.543737528209401
17.866036036036036,5.084394567819314,4.6214194788895115,5.547369656749116
17.884354354354354,5.087962233547421,4.624908033376259,5.5510164337185826
17.902672672672672,5.0915272962088265,4.628375367931595,5.554679224486058
17.92099099099099,5.095089794083924,4.631820164739659,5.558359423428189
17.93930930930931,5.0986497654531044,4.6352410783919415,5.562058452514267
17.957627627627627,5.102207248596761,4.638636737351973,5.5657777598415485
17.975945945945945,5.105762281795287,4.642005745470673,5.569518818119901
17.994264264264263,5.109314903329076,4.645346683194081,5.573283123464071
18.01258258258258,5.112865151478517,4.6486580586775545,5.57707224427948
18.0309009009009,5.116413064524007,4.65193826311969,5.580887865928324
18.049219219219218,5.119958680745936,4.655185671506917,5.584731689984954
18.067537537537536,5.123502038424697,4.658398659192261,5.588605417657134
18.085855855855854,5.127043175840684,4.661575605387891,5.592510746293477
18.104174174174172,5.130582131274288,4.664714896658841,5.596449365889734
18.12249249249249,5.134118943005904,4.66781493041196,5.600422955599849
18.14081081081081,5.137653649315921,4.67087411837347,5.604433180258373
18.159129129129127,5.141186288484735,4.673890890048176,5.608481686921294
18.17744744744745,5.144716898792739,4.67686369615236,5.612570101433118
18.195765765765767,5.148245518520321,4.679791012012407,5.616700025028235
18.214084084084085,5.151772185947879,4.6826713409202085,5.620873030975549
18.232402402402403,5.155296939355802,4.685503217436351,5.6250906612752525
18.25072072072072,5.158819817024485,4.688285210631711,5.629354423417259
18.26903903903904,5.1623408572343195,4.69101592725766,5.633665787210979
18.287357357357358,5.165860098265698,4.693694014835123,5.638026181696273
18.305675675675676,5.169377578399015,4.69631816465242,5.642436992145609
18.323993993993994,5.172893335914662,4.698887114662195,5.646899557167128
18.342312312312313,5.176407409093029,4.7013996522673285,5.6514151659187295
18.36063063063063,5.179919836214514,4.703854616986489,5.655985055442538
18.37894894894895,5.183430655559505,4.706250902989771,5.660610408129239
18.397267267267267,5.186939905408397,4.7085874614956715,5.665292349321122
18.415585585585585,5.190447624041582,4.710863303020835,5.670031945062329
18.433903903903904,5.193953849739453,4.713077499474865,5.67483020000404
18.452222222222222,5.1974586207824025,4.715229186092716,5.679688055472089
18.47054054054054,5.200961975450823,4.7173175631985815,5.684606387703064
18.48885885885886,5.204463952025107,4.719341897795267,5.689586006254948
18.507177177177176,5.207964588785647,4.7213015249745185,5.694627652596776
18.525495495495495,5.211463924012839,4.723195849144308,5.6997319988813695
18.543813813813813,5.214961995987071,4.725024345070231,5.704899646903911
18.56213213213213,5.218458842988737,4.72678655872912,5.710131127248354
18.58045045045045,5.221954503298232,4.728482107973967,5.715426898622496
18.598768768768768,5.225449015195945,4.730110683010345,5.720787347381545
18.617087087087086,5.228942416962271,4.7316720466853885,5.726212787239153
18.635405405405404,5.232434746877603,4.733166034591663,5.731703459163543
18.653723723723722,5.2359260432223325,4.734592554988892,5.737259531455773
18.67204204204204,5.239416344276853,4.735951588547712,5.742881100005993
18.69036036036036,5.242905688321556,4.737243187920475,5.748568188722636
18.708678678678677,5.2463941136368355,4.738467477144758,5.754320750128913
18.726996996996995,5.2498816585030825,4.739624650886414,5.760138666119751
18.745315315315317,5.2533683612006925,4.740714973529171,5.766021748872214
18.763633633633635,5.256854260010055,4.7417387781189095,5.7719697419012
18.781951951951953,5.260339393211564,4.7426964651710115,5.777982321252116
18.80027027027027,5.263823799085613,4.743588501349717,5.784059096821509
18.81858858858859,5.267307515912593,4.744415418028768,5.7901996137964185
18.836906906906908,5.270790581972899,4.745177809742998,5.7964033542028
18.855225225225226,5.274273035546922,4.7458763325406235,5.80266973855322
18.873543543543544,5.277754914915054,4.74651170224623,5.808998127583878
18.891861861861862,5.281236258357689,4.74708469264429,5.815387824071088
18.91018018018018,5.28471710415522,4.74759613359339,5.82183807471705
18.9284984984985,5.288197490588038,4.748046909080716,5.82834807209536
18.946816816816817,5.2916774559365365,4.7484379552267235,5.8349169566463495
18.965135135135135,5.295157038481109,4.748770258249229,5.841543818712989
18.983453453453453,5.298636276502147,4.7490448523960485,5.848227700608245
19.00177177177177,5.302115208280044,4.749262817855184,5.854967598704903
19.02009009009009,5.305593872095192,4.749425278650671,5.861762465539712
19.038408408408408,5.309072306227984,4.74953340053225,5.868611211923718
19.056726726726726,5.3125505489588125,4.749588388866383,5.875512709051242
19.075045045045044,5.316028638568071,4.749591486535531,5.882465790600611
19.093363363363363,5.3195066133361495,4.749591486535531,5.889469254819865
19.11168168168168,5.322984511543445,4.749591486535531,5.896521866591618
19.13,5.326462371470347,4.749591486535531,5.903622359471303
